{"Theta0": 9381056.334219553, "Theta1": -17.809907934451264}