{"Theta0": 6500.181474559317, "Theta1": 0.002123655297581342}