{"Theta0": 8481.172796984529, "Theta1": -0.021273719070404658}