{"Theta0": 10344.686329028365, "Theta1": -0.002457307047719814}