{"Theta0": 1.0952174410237518, "Theta1": 0.034544651278429934}