{"Theta0": 63529.27155346306, "Theta1": -0.10343806202442937}