{"Theta0": 8481.08086473318, "Theta1": -0.021272844769002}