{
	"Theta0": 633.183333,
	"Theta1": -0.021273719070404658
}
