{"Theta0": 1.5210003574452622, "Theta1": 0.31875607394238736}